N Socket,Avg Delay
0,7.664142857
5,10.27
10,14.74651429
15,17.20738571
20,17.29672857
25,17.44862857
30,17.9474
