N Socket,Avg Delay
0,7.66
5,12.21
10,15.16138571
15,19.1
17,20.83101227
20,21.3
25,22.78
30,23.5
